USE landlordcommunicationdb;

insert into users (userId, firstname, lastname, email, islandlord, username, rating, passwordhash, passwordsalt, isonline, votes, votesum) values (1, 'Claribel', 'Benez', 'cbenez0@furl.net', false, 'cbenez0', 5, '123dfg', '456yjtyj', false, 15, 35.5);
insert into users (userId, firstname, lastname, email, islandlord, username, rating, passwordhash, passwordsalt, isonline, votes, votesum) values (2, 'Sigfrid', 'Cringle', 'scringle1@google.cn', false, 'scringle1', 1, '123dfg', '456yjtyj', false, 15, 35.5);
insert into users (userId, firstname, lastname, email, islandlord, username, rating, passwordhash, passwordsalt, isonline, votes, votesum) values (3, 'Valera', 'Pudney', 'vpudney2@ucla.edu', false, 'vpudney2', 1, '123dfg', '456yjtyj', false, 15, 35.5);
insert into users (userId, firstname, lastname, email, islandlord, username, rating, passwordhash, passwordsalt, isonline, votes, votesum) values (4, 'Marcel', 'Blowes', 'mblowes3@squarespace.com', false, 'mblowes3', 1, '123dfg', '456yjtyj', false, 15, 35.5);
insert into users (userId, firstname, lastname, email, islandlord, username, rating, passwordhash, passwordsalt, isonline, votes, votesum) values (5, 'Esmeralda', 'Dann', 'edann4@etsy.com', true, 'edann4', 1, '123dfg', '456yjtyj', false, 15, 35.5);
insert into users (userId, firstname, lastname, email, islandlord, username, rating, passwordhash, passwordsalt, isonline, votes, votesum) values (6, 'Hilary', 'Buckhurst', 'hbuckhurst5@tiny.cc', true, 'hbuckhurst5', 5, '123dfg', '456yjtyj', false, 15, 35.5);
insert into users (userId, firstname, lastname, email, islandlord, username, rating, passwordhash, passwordsalt, isonline, votes, votesum) values (7, 'Wallis', 'Retallick', 'wretallick6@geocities.jp', false, 'wretallick6', 5, '123dfg', '456yjtyj', false, 15, 35.5);
insert into users (userId, firstname, lastname, email, islandlord, username, rating, passwordhash, passwordsalt, isonline, votes, votesum) values (8, 'Koo', 'Cotty', 'kcotty7@gizmodo.com', true, 'kcotty7', 3, '123dfg', '456yjtyj', false, 15, 35.5);
insert into users (userId, firstname, lastname, email, islandlord, username, rating, passwordhash, passwordsalt, isonline, votes, votesum) values (9, 'Reilly', 'Atwell', 'ratwell8@ow.ly', false, 'ratwell8', 4, '123dfg', '456yjtyj', false, 15, 35.5);
insert into users (userId, firstname, lastname, email, islandlord, username, rating, passwordhash, passwordsalt, isonline, votes, votesum) values (10, 'Olimpia', 'Monni', 'omonni9@pagesperso-orange.fr', false, 'omonni9', 4, '123dfg', '456yjtyj', false, 15, 35.5);
insert into users (userId, firstname, lastname, email, islandlord, username, rating, passwordhash, passwordsalt, isonline, votes, votesum) values (11, 'Gusella', 'Rizzillo', 'grizzilloa@slate.com', true, 'grizzilloa', 4, '123dfg', '456yjtyj', false, 15, 35.5);
insert into users (userId, firstname, lastname, email, islandlord, username, rating, passwordhash, passwordsalt, isonline, votes, votesum) values (12, 'Shirlene', 'Hume', 'shumeb@yale.edu', true, 'shumeb', 4, '123dfg', '456yjtyj', false, 15, 35.5);
insert into users (userId, firstname, lastname, email, islandlord, username, rating, passwordhash, passwordsalt, isonline, votes, votesum) values (13, 'Pernell', 'Houseley', 'phouseleyc@issuu.com', true, 'phouseleyc', 3, '123dfg', '456yjtyj', false, 15, 35.5);
insert into users (userId, firstname, lastname, email, islandlord, username, rating, passwordhash, passwordsalt, isonline, votes, votesum) values (14, 'Joan', 'Perrone', 'jperroned@xinhuanet.com', false, 'jperroned', 4, '123dfg', '456yjtyj', false, 15, 35.5);
insert into users (userId, firstname, lastname, email, islandlord, username, rating, passwordhash, passwordsalt, isonline, votes, votesum) values (15, 'Marc', 'Rosenstiel', 'mrosenstiele@google.pl', true, 'mrosenstiele', 5, '123dfg', '456yjtyj', false, 15, 35.5);
insert into users (userId, firstname, lastname, email, islandlord, username, rating, passwordhash, passwordsalt, isonline, votes, votesum) values (16, 'Benny', 'Wiggett', 'bwiggettf@cocolog-nifty.com', false, 'bwiggettf', 2, '123dfg', '456yjtyj', false, 15, 35.5);
insert into users (userId, firstname, lastname, email, islandlord, username, rating, passwordhash, passwordsalt, isonline, votes, votesum) values (17, 'Agneta', 'Trees', 'atreesg@g.co', true, 'atreesg', 3, '123dfg', '456yjtyj', false, 15, 35.5);
insert into users (userId, firstname, lastname, email, islandlord, username, rating, passwordhash, passwordsalt, isonline, votes, votesum) values (18, 'Hilliary', 'Bletsoe', 'hbletsoeh@yellowpages.com', false, 'hbletsoeh', 1, '123dfg', '456yjtyj', false, 15, 35.5);
insert into users (userId, firstname, lastname, email, islandlord, username, rating, passwordhash, passwordsalt, isonline, votes, votesum) values (19, 'Buiron', 'Tineman', 'btinemani@china.com.cn', false, 'btinemani', 1, '123dfg', '456yjtyj', false, 15, 35.5);
insert into users (userId, firstname, lastname, email, islandlord, username, rating, passwordhash, passwordsalt, isonline, votes, votesum) values (20, 'Fidel', 'Kelsow', 'fkelsowj@php.net', true, 'fkelsowj', 2, '123dfg', '456yjtyj', false, 15, 35.5);
insert into users (userId, firstname, lastname, email, islandlord, username, rating, passwordhash, passwordsalt, isonline, votes, votesum) values (21, 'Brandyn', 'Brabbins', 'bbrabbinsk@digg.com', true, 'bbrabbinsk', 4, '123dfg', '456yjtyj', false, 15, 35.5);
insert into users (userId, firstname, lastname, email, islandlord, username, rating, passwordhash, passwordsalt, isonline, votes, votesum) values (22, 'Marillin', 'Andrusov', 'mandrusovl@java.com', false, 'mandrusovl', 2, '123dfg', '456yjtyj', false, 15, 35.5);
insert into users (userId, firstname, lastname, email, islandlord, username, rating, passwordhash, passwordsalt, isonline, votes, votesum) values (23, 'Guy', 'Bridell', 'gbridellm@earthlink.net', true, 'gbridellm', 2, '123dfg', '456yjtyj', false, 15, 35.5);
insert into users (userId, firstname, lastname, email, islandlord, username, rating, passwordhash, passwordsalt, isonline, votes, votesum) values (24, 'Gothart', 'Wilkinson', 'gwilkinsonn@java.com', true, 'gwilkinsonn', 1, '123dfg', '456yjtyj', false, 15, 35.5);
insert into users (userId, firstname, lastname, email, islandlord, username, rating, passwordhash, passwordsalt, isonline, votes, votesum) values (25, 'Koenraad', 'Smead', 'ksmeado@newyorker.com', true, 'ksmeado', 3, '123dfg', '456yjtyj', false, 15, 35.5);
insert into users (userId, firstname, lastname, email, islandlord, username, rating, passwordhash, passwordsalt, isonline, votes, votesum) values (26, 'Jamaal', 'Mycock', 'jmycockp@indiegogo.com', true, 'jmycockp', 1, '123dfg', '456yjtyj', false, 15, 35.5);
insert into users (userId, firstname, lastname, email, islandlord, username, rating, passwordhash, passwordsalt, isonline, votes, votesum) values (27, 'Claudio', 'Willmont', 'cwillmontq@google.es', false, 'cwillmontq', 1, '123dfg', '456yjtyj', false, 15, 35.5);
insert into users (userId, firstname, lastname, email, islandlord, username, rating, passwordhash, passwordsalt, isonline, votes, votesum) values (28, 'Dorry', 'Limmer', 'dlimmerr@arstechnica.com', false, 'dlimmerr', 3, '123dfg', '456yjtyj', false, 15, 35.5);
insert into users (userId, firstname, lastname, email, islandlord, username, rating, passwordhash, passwordsalt, isonline, votes, votesum) values (29, 'Henrieta', 'Smalecombe', 'hsmalecombes@ocn.ne.jp', false, 'hsmalecombes', 5, '123dfg', '456yjtyj', false, 15, 35.5);
insert into users (userId, firstname, lastname, email, islandlord, username, rating, passwordhash, passwordsalt, isonline, votes, votesum) values (30, 'Ronica', 'Vinsen', 'rvinsent@alexa.com', true, 'rvinsent', 5, '123dfg', '456yjtyj', false, 15, 35.5);
insert into users (userId, firstname, lastname, email, islandlord, username, rating, passwordhash, passwordsalt, isonline, votes, votesum) values (31, 'Cornelius', 'Dahlback', 'cdahlbacku@photobucket.com', false, 'cdahlbacku', 4,'123dfg', '456yjtyj', false, 15, 35.5);
insert into users (userId, firstname, lastname, email, islandlord, username, rating, passwordhash, passwordsalt, isonline, votes, votesum) values (32, 'June', 'Trobey', 'jtrobeyv@artisteer.com', true, 'jtrobeyv', 2, '123dfg', '456yjtyj', false, 15, 35.5);
insert into users (userId, firstname, lastname, email, islandlord, username, rating, passwordhash, passwordsalt, isonline, votes, votesum) values (33, 'Lemuel', 'Jacob', 'ljacobw@wunderground.com', true, 'ljacobw', 5, '123dfg', '456yjtyj', false, 15, 35.5);
insert into users (userId, firstname, lastname, email, islandlord, username, rating, passwordhash, passwordsalt, isonline, votes, votesum) values (34, 'Jemmy', 'Matskevich', 'jmatskevichx@timesonline.co.uk', true, 'jmatskevichx', 3, '123dfg', '456yjtyj', false, 15, 35.5);
insert into users (userId, firstname, lastname, email, islandlord, username, rating, passwordhash, passwordsalt, isonline, votes, votesum) values (35, 'Amerigo', 'Conroy', 'aconroyy@loc.gov', true, 'aconroyy', 3, '123dfg', '456yjtyj', false, 15, 35.5);
insert into users (userId, firstname, lastname, email, islandlord, username, rating, passwordhash, passwordsalt, isonline, votes, votesum) values (36, 'Bealle', 'Cockhill', 'bcockhillz@cbsnews.com', false, 'bcockhillz', 1, '123dfg', '456yjtyj', false, 15, 35.5);
insert into users (userId, firstname, lastname, email, islandlord, username, rating, passwordhash, passwordsalt, isonline, votes, votesum) values (37, 'Olympia', 'Sher', 'osher10@buzzfeed.com', true, 'osher10', 2, '123dfg', '456yjtyj', false, 15, 35.5);
insert into users (userId, firstname, lastname, email, islandlord, username, rating, passwordhash, passwordsalt, isonline, votes, votesum) values (38, 'Dorella', 'Firby', 'dfirby11@newsvine.com', true, 'dfirby11', 3, '123dfg', '456yjtyj', false, 15, 35.5);
insert into users (userId, firstname, lastname, email, islandlord, username, rating, passwordhash, passwordsalt, isonline, votes, votesum) values (39, 'Silvio', 'Quincee', 'squincee12@pbs.org', false, 'squincee12', 4, '123dfg', '456yjtyj', false, 15, 35.5);
insert into users (userId, firstname, lastname, email, islandlord, username, rating, passwordhash, passwordsalt, isonline, votes, votesum) values (40, 'Gretel', 'Hartley', 'ghartley13@army.mil', false, 'ghartley13', 4, '123dfg', '456yjtyj', false, 15, 35.5);
insert into users (userId, firstname, lastname, email, islandlord, username, rating, passwordhash, passwordsalt, isonline, votes, votesum) values (41, 'Bengt', 'Harnetty', 'bharnetty14@mashable.com', true, 'bharnetty14', 1, '123dfg', '456yjtyj', false, 15, 35.5);
insert into users (userId, firstname, lastname, email, islandlord, username, rating, passwordhash, passwordsalt, isonline, votes, votesum) values (42, 'Miller', 'Vesty', 'mvesty15@npr.org', false, 'mvesty15', 4, '123dfg', '456yjtyj', false, 15, 35.5);
insert into users (userId, firstname, lastname, email, islandlord, username, rating, passwordhash, passwordsalt, isonline, votes, votesum) values (43, 'Ransom', 'Brezlaw', 'rbrezlaw16@cpanel.net', true, 'rbrezlaw16', 3, '123dfg', '456yjtyj', false, 15, 35.5);
insert into users (userId, firstname, lastname, email, islandlord, username, rating, passwordhash, passwordsalt, isonline, votes, votesum) values (44, 'Karyl', 'Shire', 'kshire17@ocn.ne.jp', true, 'kshire17', 4, '123dfg', '456yjtyj', false, 15, 35.5);
insert into users (userId, firstname, lastname, email, islandlord, username, rating, passwordhash, passwordsalt, isonline, votes, votesum) values (45, 'Antonio', 'Guinery', 'aguinery18@omniture.com', true, 'aguinery18', 5, '123dfg', '456yjtyj',false, 15, 35.5);
insert into users (userId, firstname, lastname, email, islandlord, username, rating, passwordhash, passwordsalt, isonline, votes, votesum) values (46, 'Alyssa', 'Ovett', 'aovett19@constantcontact.com', true, 'aovett19', 5, '123dfg', '456yjtyj', false, 15, 35.5);
insert into users (userId, firstname, lastname, email, islandlord, username, rating, passwordhash, passwordsalt, isonline, votes, votesum) values (47, 'Kellen', 'Matton', 'kmatton1a@bing.com', false, 'kmatton1a', 3, '123dfg', '456yjtyj', false, 15, 35.5);
insert into users (userId, firstname, lastname, email, islandlord, username, rating, passwordhash, passwordsalt, isonline, votes, votesum) values (48, 'Gherardo', 'Pelcheur', 'gpelcheur1b@archive.org', true, 'gpelcheur1b', 4, '123dfg', '456yjtyj', false, 15, 35.5);
insert into users (userId, firstname, lastname, email, islandlord, username, rating, passwordhash, passwordsalt, isonline, votes, votesum) values (49, 'Erroll', 'Mcwhinney', 'emcwhinney1c@qq.com', true, 'emcwhinney1c', 1, '123dfg', '456yjtyj', false, 15, 35.5);
insert into users (userId, firstname, lastname, email, islandlord, username, rating, passwordhash, passwordsalt, isonline, votes, votesum) values (50, 'Freddie', 'Lymbourne', 'flymbourne1d@sciencedirect.com', false, 'flymbourne1d', 5, '123dfg', '456yjtyj', false, 15, 35.5);
insert into users (userId, firstname, lastname, email, islandlord, username, rating, passwordhash, passwordsalt, isonline, votes, votesum) values (51, 'Zilvia', 'Bletso', 'zbletso1e@vk.com', false, 'zbletso1e', 5, '123dfg', '456yjtyj', false, 15, 35.5);
insert into users (userId, firstname, lastname, email, islandlord, username, rating, passwordhash, passwordsalt, isonline, votes, votesum) values (52, 'Julian', 'McSaul', 'jmcsaul1f@walmart.com', true, 'jmcsaul1f', 1, '123dfg', '456yjtyj', false, 15, 35.5);
insert into users (userId, firstname, lastname, email, islandlord, username, rating, passwordhash, passwordsalt, isonline, votes, votesum) values (53, 'Saba', 'Magister', 'smagister1g@aol.com', false, 'smagister1g', 3, '123dfg', '456yjtyj', false, 15, 35.5);
insert into users (userId, firstname, lastname, email, islandlord, username, rating, passwordhash, passwordsalt, isonline, votes, votesum) values (54, 'Donall', 'Hearson', 'dhearson1h@accuweather.com', true, 'dhearson1h', 1, '123dfg', '456yjtyj', false, 15, 35.5);
insert into users (userId, firstname, lastname, email, islandlord, username, rating, passwordhash, passwordsalt, isonline, votes, votesum) values (55, 'Skell', 'Ligerton', 'sligerton1i@ted.com', true, 'sligerton1i', 3, '123dfg', '456yjtyj', false, 15, 35.5);
insert into users (userId, firstname, lastname, email, islandlord, username, rating, passwordhash, passwordsalt, isonline, votes, votesum) values (56, 'Lorita', 'MacFayden', 'lmacfayden1j@reference.com', true, 'lmacfayden1j', 1, '123dfg', '456yjtyj', false, 15, 35.5);
insert into users (userId, firstname, lastname, email, islandlord, username, rating, passwordhash, passwordsalt, isonline, votes, votesum) values (57, 'Eilis', 'Cowely', 'ecowely1k@alexa.com', true, 'ecowely1k', 3, '123dfg', '456yjtyj', false, 15, 35.5);
insert into users (userId, firstname, lastname, email, islandlord, username, rating, passwordhash, passwordsalt, isonline, votes, votesum) values (58, 'Judd', 'Delbergue', 'jdelbergue1l@cdbaby.com', true, 'jdelbergue1l', 2, '123dfg', '456yjtyj', false, 15, 35.5);
insert into users (userId, firstname, lastname, email, islandlord, username, rating, passwordhash, passwordsalt, isonline, votes, votesum) values (59, 'Tamas', 'Durrett', 'tdurrett1m@utexas.edu', true, 'tdurrett1m', 3, '123dfg', '456yjtyj', false, 15, 35.5);
insert into users (userId, firstname, lastname, email, islandlord, username, rating, passwordhash, passwordsalt, isonline, votes, votesum) values (60, 'Stormi', 'Fynan', 'sfynan1n@diigo.com', false, 'sfynan1n', 1, '123dfg', '456yjtyj', false, 15, 35.5);
insert into users (userId, firstname, lastname, email, islandlord, username, rating, passwordhash, passwordsalt, isonline, votes, votesum) values (61, 'Consuela', 'Godsell', 'cgodsell1o@sohu.com', false, 'cgodsell1o', 4, '123dfg', '456yjtyj', false, 15, 35.5);
insert into users (userId, firstname, lastname, email, islandlord, username, rating, passwordhash, passwordsalt, isonline, votes, votesum) values (62, 'Arman', 'Allsepp', 'aallsepp1p@army.mil', false, 'aallsepp1p', 4, '123dfg', '456yjtyj', false, 15, 35.5);
insert into users (userId, firstname, lastname, email, islandlord, username, rating, passwordhash, passwordsalt, isonline, votes, votesum) values (63, 'Becky', 'Irons', 'birons1q@fastcompany.com', true, 'birons1q', 5, '123dfg', '456yjtyj', false, 15, 35.5);
insert into users (userId, firstname, lastname, email, islandlord, username, rating, passwordhash, passwordsalt, isonline, votes, votesum) values (64, 'Vinny', 'Waine', 'vwaine1r@jimdo.com', false, 'vwaine1r', 3, '123dfg', '456yjtyj', false, 15, 35.5);
insert into users (userId, firstname, lastname, email, islandlord, username, rating, passwordhash, passwordsalt, isonline, votes, votesum) values (65, 'Ginevra', 'Dallman', 'gdallman1s@blog.com', true, 'gdallman1s', 1, '123dfg', '456yjtyj', false, 15, 35.5);
insert into users (userId, firstname, lastname, email, islandlord, username, rating, passwordhash, passwordsalt, isonline, votes, votesum) values (66, 'Marchelle', 'Etock', 'metock1t@ucla.edu', true, 'metock1t', 2, '123dfg', '456yjtyj', false, 15, 35.5);
insert into users (userId, firstname, lastname, email, islandlord, username, rating, passwordhash, passwordsalt, isonline, votes, votesum) values (67, 'Ezekiel', 'Pullinger', 'epullinger1u@ed.gov', false, 'epullinger1u', 4, '123dfg', '456yjtyj', false, 15, 35.5);
insert into users (userId, firstname, lastname, email, islandlord, username, rating, passwordhash, passwordsalt, isonline, votes, votesum) values (68, 'Venita', 'Nuccitelli', 'vnuccitelli1v@uol.com.br', false, 'vnuccitelli1v', 1, '123dfg', '456yjtyj', false, 15, 35.5);
insert into users (userId, firstname, lastname, email, islandlord, username, rating, passwordhash, passwordsalt, isonline, votes, votesum) values (69, 'Roanna', 'McNiven', 'rmcniven1w@flickr.com', false, 'rmcniven1w', 3, '123dfg', '456yjtyj', false, 15, 35.5);
insert into users (userId, firstname, lastname, email, islandlord, username, rating, passwordhash, passwordsalt, isonline, votes, votesum) values (70, 'Wilhelmine', 'Kightly', 'wkightly1x@reddit.com', false, 'wkightly1x', 4, '123dfg', '456yjtyj', false, 15, 35.5);
insert into users (userId, firstname, lastname, email, islandlord, username, rating, passwordhash, passwordsalt, isonline, votes, votesum) values (71, 'Winna', 'Gipps', 'wgipps1y@guardian.co.uk', false, 'wgipps1y', 1, '123dfg', '456yjtyj', false, 15, 35.5);
insert into users (userId, firstname, lastname, email, islandlord, username, rating, passwordhash, passwordsalt, isonline, votes, votesum) values (72, 'Gillian', 'Wonfar', 'gwonfar1z@amazon.de', true, 'gwonfar1z', 1, '123dfg', '456yjtyj', false, 15, 35.5);
insert into users (userId, firstname, lastname, email, islandlord, username, rating, passwordhash, passwordsalt, isonline, votes, votesum) values (73, 'Verney', 'Muselli', 'vmuselli20@wikia.com', true, 'vmuselli20', 3, '123dfg', '456yjtyj', true, 15, 35.5);
insert into users (userId, firstname, lastname, email, islandlord, username, rating, passwordhash, passwordsalt, isonline, votes, votesum) values (74, 'Celina', 'McNay', 'cmcnay21@printfriendly.com', false, 'cmcnay21', 2, '123dfg', '456yjtyj', true, 15, 35.5);
insert into users (userId, firstname, lastname, email, islandlord, username, rating, passwordhash, passwordsalt, isonline, votes, votesum) values (75, 'Jessie', 'Hagwood', 'jhagwood22@fotki.com', true, 'jhagwood22', 5, '123dfg', '456yjtyj', true, 15, 35.5);
insert into users (userId, firstname, lastname, email, islandlord, username, rating, passwordhash, passwordsalt, isonline, votes, votesum) values (76, 'Floria', 'Brodeur', 'fbrodeur23@wikia.com', false, 'fbrodeur23', 5, '123dfg', '456yjtyj', true, 15, 35.5);
insert into users (userId, firstname, lastname, email, islandlord, username, rating, passwordhash, passwordsalt, isonline, votes, votesum) values (77, 'Marney', 'Heball', 'mheball24@economist.com', true, 'mheball24', 4, '123dfg', '456yjtyj', true, 15, 35.5);
insert into users (userId, firstname, lastname, email, islandlord, username, rating, passwordhash, passwordsalt, isonline, votes, votesum) values (78, 'Babette', 'McArley', 'bmcarley25@usgs.gov', false, 'bmcarley25', 2, '123dfg', '456yjtyj', true, 15, 35.5);
insert into users (userId, firstname, lastname, email, islandlord, username, rating, passwordhash, passwordsalt, isonline, votes, votesum) values (79, 'Babb', 'Auguste', 'bauguste26@who.int', true, 'bauguste26', 4, '123dfg', '456yjtyj', true, 15, 35.5);
insert into users (userId, firstname, lastname, email, islandlord, username, rating, passwordhash, passwordsalt, isonline, votes, votesum) values (80, 'Delano', 'Silber', 'dsilber27@networkadvertising.org', false, 'dsilber27', 2, '123dfg', '456yjtyj', true, 15, 35.5);
insert into users (userId, firstname, lastname, email, islandlord, username, rating, passwordhash, passwordsalt, isonline, votes, votesum) values (81, 'Silvio', 'Seaborn', 'sseaborn28@phoca.cz', false, 'sseaborn28', 5, '123dfg', '456yjtyj', true, 15, 35.5);
insert into users (userId, firstname, lastname, email, islandlord, username, rating, passwordhash, passwordsalt, isonline, votes, votesum) values (82, 'Agretha', 'Dicky', 'adicky29@instagram.com', true, 'adicky29', 3, '123dfg', '456yjtyj', true, 15, 35.5);
insert into users (userId, firstname, lastname, email, islandlord, username, rating, passwordhash, passwordsalt, isonline, votes, votesum) values (83, 'Thomasa', 'Iacovazzi', 'tiacovazzi2a@google.it', false, 'tiacovazzi2a', 1, '123dfg', '456yjtyj', true, 15, 35.5);
insert into users (userId, firstname, lastname, email, islandlord, username, rating, passwordhash, passwordsalt, isonline, votes, votesum) values (84, 'Jock', 'Summerscales', 'jsummerscales2b@opensource.org', false, 'jsummerscales2b', 3, '123dfg', '456yjtyj', true, 15, 35.5);
insert into users (userId, firstname, lastname, email, islandlord, username, rating, passwordhash, passwordsalt, isonline, votes, votesum) values (85, 'Loleta', 'Dilke', 'ldilke2c@devhub.com', true, 'ldilke2c', 3, '123dfg', '456yjtyj', true, 15, 35.5);
insert into users (userId, firstname, lastname, email, islandlord, username, rating, passwordhash, passwordsalt, isonline, votes, votesum) values (86, 'Reggie', 'Knott', 'rknott2d@usatoday.com', false, 'rknott2d', 4, '123dfg', '456yjtyj', true, 15, 35.5);
insert into users (userId, firstname, lastname, email, islandlord, username, rating, passwordhash, passwordsalt, isonline, votes, votesum) values (87, 'Judi', 'Noblet', 'jnoblet2e@wisc.edu', false, 'jnoblet2e', 1, '123dfg', '456yjtyj', true, 15, 35.5);
insert into users (userId, firstname, lastname, email, islandlord, username, rating, passwordhash, passwordsalt, isonline, votes, votesum) values (88, 'Natalya', 'Fewings', 'nfewings2f@yahoo.com', true, 'nfewings2f', 1, '123dfg', '456yjtyj', true, 15, 35.5);
insert into users (userId, firstname, lastname, email, islandlord, username, rating, passwordhash, passwordsalt, isonline, votes, votesum) values (89, 'Vanny', 'Quarrie', 'vquarrie2g@mac.com', true, 'vquarrie2g', 2, '123dfg', '456yjtyj', true, 15, 35.5);
insert into users (userId, firstname, lastname, email, islandlord, username, rating, passwordhash, passwordsalt, isonline, votes, votesum) values (90, 'Juditha', 'Byham', 'jbyham2h@addthis.com', false, 'jbyham2h', 1, '123dfg', '456yjtyj', true, 15, 35.5);
insert into users (userId, firstname, lastname, email, islandlord, username, rating, passwordhash, passwordsalt, isonline, votes, votesum) values (91, 'Deanna', 'Reddel', 'dreddel2i@noaa.gov', true, 'dreddel2i', 5, '123dfg', '456yjtyj', true, 15, 35.5);
insert into users (userId, firstname, lastname, email, islandlord, username, rating, passwordhash, passwordsalt, isonline, votes, votesum) values (92, 'Silas', 'Cumberledge', 'scumberledge2j@msn.com', true, 'scumberledge2j', 4, '123dfg', '456yjtyj', true, 15, 35.5);
insert into users (userId, firstname, lastname, email, islandlord, username, rating, passwordhash, passwordsalt, isonline, votes, votesum) values (93, 'Carmel', 'Haglinton', 'chaglinton2k@squarespace.com', false, 'chaglinton2k', 5, '123dfg', '456yjtyj', true, 15, 35.5);
insert into users (userId, firstname, lastname, email, islandlord, username, rating, passwordhash, passwordsalt, isonline, votes, votesum) values (94, 'Reggie', 'Powelee', 'rpowelee2l@usa.gov', true, 'rpowelee2l', 3, '123dfg', '456yjtyj', true, 15, 35.5);
insert into users (userId, firstname, lastname, email, islandlord, username, rating, passwordhash, passwordsalt, isonline, votes, votesum) values (95, 'Tabby', 'Creus', 'tcreus2m@redcross.org', true, 'tcreus2m', 5, '123dfg', '456yjtyj', true, 15, 35.5);
insert into users (userId, firstname, lastname, email, islandlord, username, rating, passwordhash, passwordsalt, isonline, votes, votesum) values (96, 'Virginia', 'Peepall', 'vpeepall2n@pinterest.com', false, 'vpeepall2n', 2, '123dfg', '456yjtyj', true, 15, 35.5);
insert into users (userId, firstname, lastname, email, islandlord, username, rating, passwordhash, passwordsalt, isonline, votes, votesum) values (97, 'Gaston', 'Lehon', 'glehon2o@hatena.ne.jp', true, 'glehon2o', 3, '123dfg', '456yjtyj', true, 15, 35.5);
insert into users (userId, firstname, lastname, email, islandlord, username, rating, passwordhash, passwordsalt, isonline, votes, votesum) values (98, 'Samuele', 'Klagge', 'sklagge2p@ebay.com', true, 'sklagge2p', 3, '123dfg', '456yjtyj', true, 15, 35.5);
insert into users (userId, firstname, lastname, email, islandlord, username, rating, passwordhash, passwordsalt, isonline, votes, votesum) values (99, 'Heda', 'McAuslene', 'hmcauslene2q@nifty.com', true, 'hmcauslene2q', 1, '123dfg', '456yjtyj', true, 15, 35.5);
insert into users (userId, firstname, lastname, email, islandlord, username, rating, passwordhash, passwordsalt, isonline, votes, votesum) values (100, 'Karisa', 'O''Doogan', 'kodoogan2r@netlog.com', false, 'kodoogan2r', 1, '123dfg', '456yjtyj', true, 15, 35.5);
insert into users (userId, firstname, lastname, email, islandlord, username, rating, passwordhash, passwordsalt, isonline, votes, votesum) values (101, 'Rosetta', 'Ziebart', 'rziebart2s@prnewswire.com', false, 'rziebart2s', 4, '123dfg', '456yjtyj', true, 15, 35.5);
insert into users (userId, firstname, lastname, email, islandlord, username, rating, passwordhash, passwordsalt, isonline, votes, votesum) values (102, 'Roger', 'Cochet', 'rcochet2t@who.int', false, 'rcochet2t', 4, '123dfg', '456yjtyj', true, 15, 35.5);
insert into users (userId, firstname, lastname, email, islandlord, username, rating, passwordhash, passwordsalt, isonline, votes, votesum) values (103, 'Ignatius', 'Pane', 'ipane2u@webmd.com', true, 'ipane2u', 1, '123dfg', '456yjtyj', true, 15, 35.5);
insert into users (userId, firstname, lastname, email, islandlord, username, rating, passwordhash, passwordsalt, isonline, votes, votesum) values (104, 'Bel', 'Dyett', 'bdyett2v@pinterest.com', false, 'bdyett2v', 2, '123dfg', '456yjtyj', true, 15, 35.5);
insert into users (userId, firstname, lastname, email, islandlord, username, rating, passwordhash, passwordsalt, isonline, votes, votesum) values (105, 'Lion', 'Phythien', 'lphythien2w@mozilla.com', true, 'lphythien2w', 4, '123dfg', '456yjtyj', true, 15, 35.5);

INSERT INTO cards (cardId, type, brand, cardnumber, cvvnumber, userId, balance) 
VALUES
(1, 'debitcard', 'jcb', '3562543587739890', 978, 1, 5875),
(2, 'debitcard', 'jcb', '3579722173423934', 374, 2, 5020),
(3, 'debitcard', 'mastercard', '5100144855970129', 986, 3, 3860),
(4, 'debitcard', 'jcb', '3570745242616468', 332, 4, 8438),
(5, 'debitcard', 'jcb', '3548389587788167', 983, 5, 5944),
(6, 'debitcard', 'visa-electron', '4917154251384730', 288, 6, 2905),
(7, 'debitcard', 'jcb', '3579758387955881', 637, 7, 3127),
(8, 'debitcard', 'maestro', '2356334693386650', 261, 8, 1027),
(9, 'debitcard', 'maestro', '5038269245202194', 587, 9, 5629),
(10, 'creditcard', 'jcb', '3561373830521239', 100, 10, 6768),
(11, 'creditcard', 'visa', '4041591526747648', 788, 11, 7216),
(12, 'creditcard', 'jcb', '3553390297290660', 461, 12, 1005),
(13, 'creditcard', 'americanexpress', '377030555645508', 851, 13, 4766),
(14, 'creditcard', 'jcb', '3583377759516124', 244, 14, 2598),
(15, 'creditcard', 'mastercard', '5108752059426045', 862, 15, 2404),
(16, 'creditcard', 'jcb', '3548529053544814', 371, 16, 5233),
(17, 'creditcard', 'switch', '4903830069638934', 499, 17, 1311),
(18, 'creditcard', 'china-unionpay', '6022422196313045', 437, 18, 3995),
(19, 'creditcard', 'jcb', '3580401746258641', 841, 19, 6606),
(20, 'creditcard', 'jcb', '3581037435261717', 876, 20, 1541),
(21, 'creditcard', 'mastercard', '5048376725945650', 824, 21, 1559),
(22, 'creditcard', 'jcb', '3570721198926417', 743, 22, 8932),
(23, 'creditcard', 'jcb', '3541648213075001', 210, 23, 6399),
(24, 'creditcard', 'jcb', '3587149480521087', 822, 24, 6030),
(25, 'creditcard', 'mastercard', '5002351043326846', 356, 25, 9257),
(26, 'creditcard', 'switch', '6759689506593999', 505, 26, 2447),
(27, 'creditcard', 'laser', '3042594718070220', 968, 27, 6557),
(61, 'creditcard', 'maestro', '6763228452177661', 907, 61, 3926),
(87, 'creditcard', 'jcb', '3566239069266488', 542, 87, 5309),
(108, 'creditcard',  'mastercard', '5048378598997735', 554, 104, 8074),
(160, 'creditcard',  'switch', '6333511001747667', 853, 105, 6608);

INSERT INTO places (placeId, description, address) 
VALUES
(1, 'Mauris ullamcorper purus sit amet nulla. Quisque arcu libero, rutrum ac, lobortis vel, dapibus at, diam. Nam tristique tortor eu pede.', '03958 Superior Park'),
(2, 'Suspendisse potenti. Cras in purus eu magna vulputate luctus.', '07141 Darwin Street'),
(3, 'Vestibulum ante ipsum primis in faucibus orci luctus et ultrices posuere cubilia Curae; Duis faucibus accumsan odio.', '69 Fallview Terrace'),
(4, 'Proin risus. Praesent lectus. Vestibulum quam sapien, varius ut, blandit non, interdum in, ante. Vestibulum ante ipsum primis in faucibus orci luctus et ultrices posuere cubilia Curae; Duis faucibus accumsan odio.', '6597 Nelson Park'),
(5, 'In congue. Etiam justo. Etiam pretium iaculis justo. In hac habitasse platea dictumst.', '430 Mesta Hill'),
(6, 'Morbi porttitor lorem id ligula.', '1 Twin Pines Center'),
(7, 'Fusce congue, diam id ornare imperdiet, sapien urna pretium nisl, ut volutpat sapien arcu sed augue. Aliquam erat volutpat. In congue.', '838 Colorado Trail'),
(8, 'Maecenas tincidunt lacus at velit. Vivamus vel nulla eget eros elementum pellentesque.', '3503 Lighthouse Bay Place'),
(9, 'Nam tristique tortor eu pede.', '528 Service Hill'),
(10, 'Integer ac leo. Pellentesque ultrices mattis odio. Donec vitae nisi.', '5716 School Lane'),
(11, 'Lorem ipsum dolor sit amet, consectetuer adipiscing elit.', '09193 Karstens Terrace'),
(12, 'Phasellus sit amet erat. Nulla tempus. Vivamus in felis eu sapien cursus vestibulum.', '8630 Buena Vista Way'),
(13, 'Nullam porttitor lacus at turpis. Donec posuere metus vitae ipsum.', '6793 Crest Line Center'),
(14, 'Nullam orci pede, venenatis non, sodales sed, tincidunt eu, felis. Fusce posuere felis sed lacus. Morbi sem mauris, laoreet ut, rhoncus aliquet, pulvinar sed, nisl. Nunc rhoncus dui vel sem.', '2 Quincy Hill'),
(15, 'Vivamus metus arcu, adipiscing molestie, hendrerit at, vulputate vitae, nisl. Aenean lectus. Pellentesque eget nunc.', '653 Hansons Lane'),
(16, 'Integer tincidunt ante vel ipsum.', '09725 Stoughton Hill'),
(17, 'Nulla ut erat id mauris vulputate elementum. Nullam varius. Nulla facilisi. Cras non velit nec nisi vulputate nonummy.', '571 Granby Hill'),
(18, 'Proin leo odio, porttitor id, consequat in, consequat ut, nulla.', '9393 Browning Place'),
(19, 'In hac habitasse platea dictumst. Maecenas ut massa quis augue luctus tincidunt.', '00 Hudson Avenue'),
(20, 'Duis bibendum. Morbi non quam nec dui luctus rutrum.', '0549 Memorial Hill'),
(21, 'Proin interdum mauris non ligula pellentesque ultrices.', '4040 Donald Junction'),
(22, 'Proin risus.', '93799 Evergreen Road'),
(23, 'In hac habitasse platea dictumst. Morbi vestibulum, velit id pretium iaculis, diam erat fermentum justo, nec condimentum neque sapien placerat ante.', '9771 Artisan Trail'),
(24, 'Phasellus in felis. Donec semper sapien a libero. Nam dui. Proin leo odio, porttitor id, consequat in, consequat ut, nulla.', '01 Center Street'),
(70, 'Fusce lacus purus, aliquet at, feugiat non, pretium quis, lectus. Suspendisse potenti.', '8039 Clyde Gallagher Lane'),
(71, 'Nunc rhoncus dui vel sem. Sed sagittis. Nam congue, risus semper porta volutpat, quam pede lobortis ligula, sit amet eleifend pede libero quis orci.', '45708 Shoshone Junction'),
(72, 'Vestibulum rutrum rutrum neque. Aenean auctor gravida sem. Praesent id massa id nisl venenatis lacinia. Aenean sit amet justo.', '548 Fair Oaks Street'),
(73, 'Phasellus sit amet erat. Nulla tempus. Vivamus in felis eu sapien cursus vestibulum. Proin eu mi.', '7 Declaration Circle'),
(74, 'Nulla tellus.', '62 Russell Hill'),
(75, 'Fusce posuere felis sed lacus.', '8 Riverside Parkway'),
(110, 'In hac habitasse platea dictumst. Maecenas ut massa quis augue luctus tincidunt. Nulla mollis molestie lorem.', '146 Hintze Lane'),
(111, 'Duis aliquam convallis nunc. Proin at turpis a pede posuere nonummy.', '993 Fieldstone Plaza'),
(112, 'In est risus, auctor sed, tristique in, tempus sit amet, sem. Fusce consequat.', '3554 Annamark Trail'),
(113, 'Pellentesque at nulla. Suspendisse potenti. Cras in purus eu magna vulputate luctus. Cum sociis natoque penatibus et magnis dis parturient montes, nascetur ridiculus mus.', '5 Rusk Parkway'),
(179, 'Cum sociis natoque penatibus et magnis dis parturient montes, nascetur ridiculus mus. Vivamus vestibulum sagittis sapien. Cum sociis natoque penatibus et magnis dis parturient montes, nascetur ridiculus mus. Etiam vel augue.', '40221 Meadow Valley Avenue'),
(180, 'Maecenas rhoncus aliquam lacus.', '460 Reindahl Park'),
(181, 'Morbi a ipsum. Integer a nibh. In quis justo.', '9 Utah Street'),
(182, 'Nullam orci pede, venenatis non, sodales sed, tincidunt eu, felis. Fusce posuere felis sed lacus.', '877 Anzinger Parkway'),
(183, 'Donec vitae nisi.', '547 Kropf Court');


INSERT INTO payments (paymentId, amount, date, userId, placeId, cardId, rentId) 
VALUES
(1, 239, '2018-8-7',1,1,1,1),
(2, 406, '2017-9-10',2,2,2,2),
(3, 336, '2018-5-8',3,3,3,3),
(4, 216, '2018-1-13',4,4,4,4),
(5, 187, '2018-1-15',5,5,5,5),
(6, 148, '2018-9-14',6,6,6,6),
(7, 489, '2018-7-7',7,7,7,7),
(8, 469, '2018-9-9',8,8,8,8),
(9, 185, '2018-3-10',9,9,9,9),
(10, 393, '2018-3-18',10,10,10,10);

INSERT INTO rents (rentid, ispaid, totalamount, remaining, duedate, placeId) 
VALUES
(1, false, 461, 89, '2018-10-10', 1),
(2, false, 359, 44, '2018-12-15', 2),
(3, false, 395, 160, '2018-5-5', 3),
(4, false, 460, 4, '2018-9-9', 4),
(5, false, 445, 156, '2018-5-7', 5),
(6, false, 376, 4, '2018-8-12', 6),
(7, false, 334, 147, '2018-10-18', 7),
(8, false, 369, 26, '2018-6-6', 8),
(9, false, 408, 125, '2018-7-7', 9),
(10,false, 419, 157, '2018-9-10', 10),
(11,false, 490, 31, '2018-12-12', 11),
(12,false, 445, 118, '2018-10-17', 12),
(13,false, 486, 134, '2018-6-8', 13),
(14,false, 338, 153, '2018-12-13', 14),
(15,false, 428, 3, '2018-8-8', 15),
(16,false, 372, 9, '2018-1-2', 16),
(17,false, 463, 168, '2018-5-5', 17),
(18,false, 476, 173, '2018-7-7', 18),
(19,false, 356, 7, '2018-9-12', 19),
(20,false, 457, 18, '2018-5-12', 20),
(21,false, 388, 82, '2018-6-7', 21),
(22,false, 454, 13, '2018-7-15', 22),
(23,false, 500, 156, '2018-4-3', 23),
(24,false, 467, 37, '2018-4-4', 24),
(25,false, 329, 118, '2018-8-4', 70),
(26,true, 344, 117, '2018-6-3', 71),
(27,true, 390, 183, '2018-7-3', 73),
(28,true, 478, 196, '2018-1-2', 72),
(29,true, 349, 129, '2018-6-6', 74),
(30,true, 335, 41, '2018-10-10', 75),
(31,true, 302, 23, '2018-12-12', 110),
(32,true, 371, 50, '2018-12-17', 180),
(33,true, 453, 150, '2018-11-11', 111),
(34,true, 364, 72, '2018-5-5', 112),
(54,true, 307, 114, '2018-9-14', 181),
(55,true, 452, 184, '2018-9-13', 182),
(57,true, 451, 87,  '2018-3-3', 183),
(50,true, 382, 105, '2018-3-4', 113);

INSERT INTO reports (reportId, issue, date, userId, description, isresolved, placeId) 
VALUES
(1, 'nibh', '2018-1-6', 3, 'Nunc purus. Phasellus in felis. Donec semper sapien a libero.', false,1),
(2, 'id justo', '2018-2-23', 3, 'Maecenas leo odio, condimentum id, luctus nec, molestie sed, justo. Pellentesque viverra pede ac diam.', true,2),
(3, 'ipsum primis', '2018-3-29', 4, 'Duis ac nibh. Fusce lacus purus, aliquet at, feugiat non, pretium quis, lectus.', true,3),
(4, 'mus etiam', '2017-11-26', 5, 'Vivamus vel nulla eget eros elementum pellentesque. Quisque porta volutpat erat.', true,4),
(5, 'in', '2017-12-14', 2, 'Praesent blandit. Nam nulla. Integer pede justo, lacinia eget, tincidunt eget, tempus vel, pede.', false,5),
(6, 'in', '2018-9-7', 7, 'Quisque porta volutpat erat. Quisque erat eros, viverra eget, congue eget, semper rutrum, nulla.', false,6),
(7, 'maecenas pulvinar', '2018-9-28', 2, 'Mauris sit amet eros. Suspendisse accumsan tortor quis turpis.', false,7),
(8, 'leo', '2018-9-9', 3, 'Pellentesque eget nunc.', false,8),
(9, 'pharetra magna', '2018-2-23', 8, 'Morbi sem mauris, laoreet ut, rhoncus aliquet, pulvinar sed, nisl. Nunc rhoncus dui vel sem. Sed sagittis.', false,8),
(10, 'risus', '2018-6-29', 2, 'Cras non velit nec nisi vulputate nonummy. Maecenas tincidunt lacus at velit. Vivamus vel nulla eget eros elementum pellentesque.', true,9);